{
  "lessons": [
    {
      "id": 0,
      "title": "lesson1",
      "task_list": [
        {
          "name": "task1",
          "stepic_id": 0,
          "task_files": {
            "blog/templates/blog/post_list.html": {
              "name": "blog/templates/blog/post_list.html",
              "placeholders": [
                {
                  "offset": 33,
                  "length": 14,
                  "subtask_infos": {
                    "4": {
                      "hints": [
                        "This text will appear in the title bar of your browser"
                      ],
                      "possible_answer": "Django Girls blog",
                      "placeholder_text": "Name your blog",
                      "has_frame": true,
                      "need_insert_text": false
                    }
                  }
                },
                {
                  "offset": 120,
                  "length": 21,
                  "subtask_infos": {
                    "4": {
                      "hints": [],
                      "possible_answer": "Django Girls Blog",
                      "placeholder_text": "Repeat your blog name",
                      "has_frame": true,
                      "need_insert_text": false
                    }
                  }
                },
                {
                  "offset": 175,
                  "length": 24,
                  "subtask_infos": {
                    "6": {
                      "hints": [
                        "Use {% for post in posts %} to iterate over posts",
                        "Don\u0027t forget about closing tag {% endfor %}"
                      ],
                      "possible_answer": "{% for post in posts %}\n            {{ post }}\n        {% endfor %}",
                      "placeholder_text": "",
                      "has_frame": true,
                      "need_insert_text": false
                    },
                    "4": {
                      "hints": [],
                      "possible_answer": "\u003cdiv\u003e\n            \u003cp\u003epublished: 14.06.2014, 12:14\u003c/p\u003e\n            \u003ch2\u003e\u003ca href\u003d\"\"\u003eMy first post\u003c/a\u003e\u003c/h2\u003e\n            \u003cp\u003eAenean eu leo quam. Pellentesque ornare sem lacinia quam venenatis vestibulum. Donec id elit non mi porta gravida at eget metus. Fusce dapibus, tellus ac cursus commodo, tortor mauris condimentum nibh, ut fermentum massa justo sit amet risus.\u003c/p\u003e\n        \u003c/div\u003e",
                      "placeholder_text": "Add your first post here",
                      "has_frame": true,
                      "need_insert_text": false
                    }
                  }
                }
              ]
            },
            "manage.py": {
              "name": "manage.py",
              "placeholders": []
            },
            "blog/views.py": {
              "name": "blog/views.py",
              "placeholders": [
                {
                  "offset": 88,
                  "length": 0,
                  "subtask_infos": {
                    "5": {
                      "hints": [
                        "Use ordered_by function on Post.objects.all() object"
                      ],
                      "possible_answer": "    posts \u003d Post.objects.order_by(\u0027published_date\u0027)",
                      "placeholder_text": "    get all posts ordered by published_date",
                      "has_frame": true,
                      "need_insert_text": true
                    }
                  }
                },
                {
                  "offset": 117,
                  "length": 0,
                  "subtask_infos": {
                    "3": {
                      "hints": [],
                      "possible_answer": "blog/post_list.html",
                      "placeholder_text": "pass blog/post_list.html template file here",
                      "has_frame": true,
                      "need_insert_text": true
                    }
                  }
                },
                {
                  "offset": 121,
                  "length": 0,
                  "subtask_infos": {
                    "5": {
                      "hints": [],
                      "possible_answer": "\u0027posts\u0027: posts",
                      "placeholder_text": "pass posts object to the template",
                      "has_frame": true,
                      "need_insert_text": true
                    }
                  }
                }
              ]
            },
            "mysite/settings.py": {
              "name": "mysite/settings.py",
              "placeholders": [
                {
                  "offset": 2925,
                  "length": 21,
                  "subtask_infos": {
                    "0": {
                      "hints": [
                        "For instance \u0027Europe/Berlin\u0027"
                      ],
                      "possible_answer": "UTC",
                      "placeholder_text": "use correct time zone",
                      "has_frame": true,
                      "need_insert_text": false
                    }
                  }
                }
              ]
            },
            "mysite/__init__.py": {
              "name": "mysite/__init__.py",
              "placeholders": []
            },
            "blog/models.py": {
              "name": "blog/models.py",
              "placeholders": [
                {
                  "offset": 76,
                  "length": 0,
                  "subtask_infos": {
                    "1": {
                      "hints": [],
                      "possible_answer": "models.Model",
                      "placeholder_text": "inherit Post from django models.Model",
                      "has_frame": true,
                      "need_insert_text": true
                    }
                  }
                },
                {
                  "offset": 123,
                  "length": 0,
                  "subtask_infos": {
                    "1": {
                      "hints": [
                        "Use max_length parameter"
                      ],
                      "possible_answer": "    title \u003d models.CharField(max_length\u003d200)",
                      "placeholder_text": "    define title as a CharField with max length equals to 200",
                      "has_frame": true,
                      "need_insert_text": true
                    }
                  }
                },
                {
                  "offset": 216,
                  "length": 0,
                  "subtask_infos": {
                    "1": {
                      "hints": [
                        "Use blank parameter to allow the field to be blank.",
                        "Use null parameter to make Django store empty values as NULL in the database"
                      ],
                      "possible_answer": "    published_date \u003d models.DateTimeField(blank\u003dTrue, null\u003dTrue)",
                      "placeholder_text": "    define published_date as a DateTimeField",
                      "has_frame": true,
                      "need_insert_text": true
                    }
                  }
                }
              ]
            },
            "mysite/urls.py": {
              "name": "mysite/urls.py",
              "placeholders": []
            },
            "blog/__init__.py": {
              "name": "blog/__init__.py",
              "placeholders": []
            },
            "blog/urls.py": {
              "name": "blog/urls.py",
              "placeholders": [
                {
                  "offset": 70,
                  "length": 0,
                  "subtask_infos": {
                    "2": {
                      "hints": [
                        "Use \u0027^$\u0027 to match empty string"
                      ],
                      "possible_answer": "    url(r\u0027^$\u0027, views.post_list, name\u003d\u0027post_list\u0027),",
                      "placeholder_text": "    Map pattern for empty string to post_list from views",
                      "has_frame": true,
                      "need_insert_text": true
                    }
                  }
                }
              ]
            }
          },
          "choice_parameters": {
            "choice_variants": [],
            "is_multichoice": false
          },
          "last_subtask_index": 6
        }
      ]
    }
  ],
  "authors": [
    {}
  ],
  "description": "Django Tutorial based on Django Girls Tutorial (https://tutorial.djangogirls.org/en/django_templates/)  and Django official documentation (https://docs.djangoproject.com/en/1.10/)",
  "name": "Django Tutorial",
  "id": 0,
  "isAdaptive": false,
  "language": "Python"
}